customer_id,signup_date,country,email_verified,referred_by
C1000,2024-02-08,DE,,ad_campaign
C1022,2022-12-02,DE,,affiliate
C1027,2023-09-07,FR,,
C1042,2023-06-01,GB,,
C1051,2021-11-06,US,,
C1054,2024-11-07,BR,,friend_referral
C1062,2022-12-04,DE,,friend_referral
C1075,2022-06-03,GB,,
C1081,2024-01-06,BR,,affiliate
C1087,2023-05-08,FR,,unknown
C1089,2022-07-07,US,,
C1090,2024-03-08,IN,,friend_referral
C1098,2023-02-04,BR,,unknown
C1103,2022-07-10,BR,,
C1104,2022-12-03,DE,,unknown
C1115,2024-09-01,FR,,
C1121,2023-12-01,AU,,ad_campaign
C1126,2021-06-07,BR,,
C1134,2024-06-05,FR,,friend_referral
C1138,2024-05-05,DE,,friend_referral
C1147,2024-05-01,GB,,
C1148,2022-01-07,IN,,
C1162,2024-04-07,DE,,
C1165,2023-06-11,GB,,affiliate
C1166,2024-01-06,,,
C1167,2022-12-02,DE,,affiliate
C1171,2024-10-01,BR,,ad_campaign
C1174,2024-11-05,GB,,friend_referral
C1193,2023-01-09,FR,,ad_campaign
C1200,2022-10-03,IN,,affiliate
C1205,2024-07-10,AU,,
C1207,2023-04-02,IN,,friend_referral
C1232,2022-03-05,IN,,
C1255,2024-11-10,IN,,
C1260,2023-05-04,BR,,ad_campaign
C1266,2024-04-01,GB,,unknown
C1274,2021-04-06,GB,,
C1297,2022-08-08,AU,,
C1309,2021-05-05,FR,,unknown
C1313,2024-11-04,US,,friend_referral
C1323,2024-03-05,GB,,
C1328,2021-03-09,IN,,ad_campaign
C1336,2023-09-05,AU,,
C1337,2024-08-09,DE,,unknown
C1338,2024-10-04,US,,affiliate
C1339,2024-03-03,US,,
C1341,2022-10-10,AU,,ad_campaign
C1346,2022-04-05,AU,,friend_referral
C1352,2022-07-09,US,,
C1354,2022-10-10,GB,,ad_campaign
C1376,2024-06-06,IN,,
C1399,2023-02-11,,,friend_referral
C1403,2021-09-07,IN,,friend_referral
C1408,2021-08-01,AU,,
C1421,2021-02-11,IN,,unknown
C1434,2023-03-01,,,ad_campaign
C1435,2022-07-03,US,,unknown
C1450,2022-03-01,BR,,
C1453,2024-03-10,IN,,ad_campaign
C1457,2021-10-08,BR,,
C1478,2023-10-11,GB,,friend_referral
C1482,2022-10-11,IN,,
C1486,2022-01-01,BR,,friend_referral
C1487,2024-04-04,BR,,ad_campaign
C1514,2022-08-11,US,,unknown
C1525,2023-05-04,IN,,
C1527,2024-10-02,GB,,affiliate
C1530,2023-12-05,BR,,friend_referral
C1536,2024-11-03,IN,,ad_campaign
C1538,2023-12-04,US,,
C1540,2021-01-01,IN,,
C1557,2024-11-09,IN,,friend_referral
C1569,2022-06-04,AU,,ad_campaign
C1570,2022-12-02,BR,,ad_campaign
C1573,2021-05-04,IN,,unknown
C1575,2023-01-09,IN,,friend_referral
C1582,2022-03-02,DE,,
C1589,2021-12-01,FR,,unknown
C1595,2023-10-08,AU,,unknown
C1602,2023-10-08,US,,affiliate
C1606,2024-04-05,US,,ad_campaign
C1607,2022-12-10,,,affiliate
C1613,2023-03-07,IN,,
C1616,2023-11-07,DE,,unknown
C1623,2024-07-07,AU,,
C1630,2022-11-07,FR,,friend_referral
C1633,2024-12-01,DE,,ad_campaign
C1635,2021-11-10,BR,,
C1650,2023-11-05,GB,,affiliate
C1653,2021-10-02,IN,,affiliate
C1660,2023-10-03,IN,,ad_campaign
C1661,2023-09-05,DE,,
C1689,2024-09-08,IN,,
C1691,2021-05-10,IN,,
C1700,2022-01-11,DE,,
C1708,2021-09-02,FR,,ad_campaign
C1709,2024-10-01,GB,,ad_campaign
C1717,2021-05-03,DE,,ad_campaign
C1722,2021-09-11,IN,,affiliate
C1731,2022-09-06,DE,,affiliate
C1737,2021-02-12,,,
C1747,2022-11-02,IN,,friend_referral
C1748,2021-05-06,IN,,unknown
C1768,2023-11-05,AU,,ad_campaign
C1784,2023-11-08,FR,,friend_referral
C1787,2022-04-07,IN,,affiliate
C1796,2024-03-06,,,
