ticket_id,customer_id,created_at,resolved_at,topic,resolution_status
TK9000,C1015,2023-12-01,,other,closed
TK9009,C1688,2023-10-04,,account,duplicate
TK9025,C1390,2023-02-04,2023-04-16,other,duplicate
TK9029,C1478,2023-07-04,,delivery,resolved
TK9030,C1406,2023-07-01,,other,resolved
TK9041,C1169,2023-06-10,2023-10-14,account,duplicate
TK9046,C1017,2023-02-09,2023-09-09,refund,closed
TK9047,C1005,2024-04-12,2024-12-12,other,resolved
TK9049,C1714,2023-01-05,2023-05-01,other,duplicate
TK9052,C1778,2023-09-01,,technical,open
TK9053,C1454,2023-06-04,,account,duplicate
TK9054,C1269,2023-11-09,,billing,open
TK9057,C1522,2024-07-11,2024-11-12,delivery,resolved
TK9060,C1749,2023-03-06,2023-06-17,delivery,closed
TK9071,C1332,2024-10-08,,billing,resolved
TK9073,C1678,2024-12-10,,billing,resolved
TK9074,C1701,2025-01-02,2025-02-04,billing,duplicate
TK9083,C1168,2024-05-12,2024-12-17,other,duplicate
TK9087,C1214,2024-07-06,,login,duplicate
TK9091,C1337,2024-08-03,,login,duplicate
TK9093,C1118,2024-01-07,2024-07-12,billing,closed
TK9094,C1350,2025-08-03,,account,resolved
TK9100,C1377,2023-02-05,2023-05-08,technical,resolved
TK9117,C1390,2024-08-05,,refund,resolved
TK9118,C1166,2024-09-12,2024-12-16,login,resolved
TK9122,C1511,2023-04-02,,refund,closed
TK9128,C1640,2024-02-08,2024-08-13,other,closed
TK9131,C1520,2024-08-12,2024-12-16,technical,resolved
TK9132,C1680,2024-11-11,2024-11-11,delivery,closed
TK9136,C1057,2023-12-12,2023-12-18,account,resolved
TK9138,C1404,2023-09-09,2023-09-17,technical,closed
TK9141,C1691,2023-04-01,,other,open
TK9152,C1048,2024-04-06,2024-06-10,billing,resolved
TK9154,C1019,2025-01-01,2025-01-05,delivery,duplicate
TK9156,C1492,2024-03-11,2024-11-07,delivery,resolved
TK9157,C1379,2023-08-12,,delivery,open
TK9163,C1100,2024-01-12,2024-12-11,technical,duplicate
TK9169,C1228,2023-11-01,,billing,resolved
TK9170,C1753,2023-11-05,,technical,duplicate
TK9179,C1550,2024-10-04,,delivery,closed
TK9192,C1554,2025-11-01,,delivery,resolved
TK9197,C1732,2025-01-03,2025-03-04,account,resolved
TK9198,C1692,2024-11-04,,billing,resolved
TK9208,C1757,2024-04-04,,technical,resolved
TK9211,C1464,2024-07-06,,login,closed
TK9217,C1234,2023-12-06,,delivery,resolved
TK9226,C1411,2024-12-02,,other,resolved
TK9230,C1741,2024-11-10,,account,closed
TK9233,C1084,2024-09-05,,refund,resolved
TK9237,C1238,2023-04-11,2023-11-10,other,resolved
TK9243,C1397,2025-02-02,,delivery,open
TK9245,C1662,2024-02-11,2024-11-12,technical,duplicate
TK9250,C1428,2024-08-06,,refund,resolved
TK9251,C1793,2025-02-01,,billing,closed
TK9253,C1612,2023-07-12,2023-12-15,billing,closed
TK9257,C1767,2023-03-07,2023-07-10,login,resolved
TK9259,C1444,2023-07-03,,billing,resolved
TK9264,C1517,2024-07-02,,billing,resolved
TK9268,C1010,2024-06-05,,technical,closed
TK9269,C1625,2024-03-06,2024-06-06,account,resolved
TK9270,C1368,2023-12-04,,other,duplicate
TK9273,C1102,2023-03-06,2023-06-16,technical,closed
TK9274,C1086,2023-10-10,2023-10-12,refund,closed
TK9277,C1191,2023-08-03,,delivery,open
TK9285,C1320,2023-10-02,,technical,resolved
TK9287,C1441,2023-07-06,,technical,resolved
TK9291,C1575,2023-11-04,,account,open
TK9299,C1707,2025-09-02,,refund,closed
TK9308,C1605,2024-12-09,,account,open
TK9312,C1528,2023-05-06,2023-06-17,login,duplicate
TK9313,C1702,2023-07-09,2023-09-10,billing,duplicate
TK9314,C1413,2023-11-05,,login,duplicate
TK9320,C1404,2024-12-12,2024-12-15,account,duplicate
TK9326,C1675,2025-02-03,,refund,open
TK9329,C1391,2023-02-09,2023-09-04,technical,closed
TK9336,C1426,2023-02-04,2023-04-11,delivery,resolved
TK9337,C1786,2024-05-04,,refund,duplicate
TK9339,C1778,2025-02-01,,other,closed
