product_id,product_name,category,list_price
P200,Product_0,accessories,98.38
P201,Product_1,services,44.73
P202,Product_2,electronics,145.19
P203,Product_3,electronics,94.98
P204,Product_4,accessories,124.29
P205,Product_5,accessories,78.67
P206,Product_6,accessories,72.7
P207,Product_7,electronics,3.54
P208,Product_8,accessories,161.76
P209,Product_9,services,46.68
P210,Product_10,electronics,94.58
P211,Product_11,services,156.57
P212,Product_12,electronics,0.0
P213,Product_13,accessories,123.87
P214,Product_14,electronics,102.96
P215,Product_15,services,102.38
P216,Product_16,services,8.15
P217,Product_17,services,180.02
P218,Product_18,accessories,252.92
P219,Product_19,accessories,69.93
P220,Product_20,electronics,26.89
P221,Product_21,electronics,103.18
P222,Product_22,services,66.75
P223,Product_23,accessories,90.11
P224,Product_24,accessories,48.59
P225,Product_25,accessories,119.26
P226,Product_26,services,33.36
P227,Product_27,accessories,7.09
P228,Product_28,accessories,115.31
P229,Product_29,accessories,125.04
P230,Product_30,electronics,135.49
P231,Product_31,services,48.31
P232,Product_32,services,22.74
P233,Product_33,accessories,267.67
P234,Product_34,accessories,140.91
P235,Product_35,electronics,120.59
P236,Product_36,accessories,13.69
P237,Product_37,electronics,185.81
P238,Product_38,accessories,53.34
P239,Product_39,electronics,53.3
P240,Product_40,accessories,183.96
P241,Product_41,accessories,155.61
P242,Product_42,services,34.92
P243,Product_43,accessories,43.6
P245,Product_45,accessories,134.68
P247,Product_47,electronics,235.57
P248,Product_48,accessories,119.1
P249,Product_49,services,128.92
